﻿pos_x,pos_y,rotation,side,designator,mpn,pack,footprint,value,mount_type
135.369,-67.056,0.0,top,C1,,,C_0603_1608Metric,0.1u,smt
144.78,-79.1525,180.0,top,C2,,,C_0603_1608Metric,0.1u,smt
142.227,-121.3165,180.0,bottom,C3,,,C_0603_1608Metric,10uf,smt
144.78,-94.9005,180.0,top,C4,,,C_0603_1608Metric,10uf,smt
148.3406,-139.4859,11.0,top,J1,,,PHOENIX_1935310,Screw_Terminal_01x02,tht
110.207,-47.4233,-146.0,top,J10,,,PHOENIX_1935310,Screw_Terminal_01x02,tht
96.1913,-61.439,-124.0,top,J11,,,PHOENIX_1935310,Screw_Terminal_01x02,tht
88.6061,-79.7514,-101.0,top,J12,,,PHOENIX_1935310,Screw_Terminal_01x02,tht
88.6061,-99.5726,-79.0,top,J13,,,PHOENIX_1935310,Screw_Terminal_01x02,tht
96.1913,-117.885,-56.0,top,J14,,,PHOENIX_1935310,Screw_Terminal_01x02,tht
110.207,-131.9007,-34.0,top,J15,,,PHOENIX_1935310,Screw_Terminal_01x02,tht
128.5194,-139.4859,-11.0,top,J16,,,PHOENIX_1935310,Screw_Terminal_01x02,tht
132.842,-88.0425,90.0,top,J17,,,PinSocket_1x05_P2.54mm_Vertical,Conn_01x05_Socket,tht
137.9982,-101.3013,0.0,top,J18,,,SAMTEC_TST-105-01-X-D,TST-105-01-X-D,tht
137.8966,-115.5253,0.0,top,J19,,,SAMTEC_TST-105-01-X-D,TST-105-01-X-D,tht
166.653,-131.9007,34.0,top,J2,,,PHOENIX_1935310,Screw_Terminal_01x02,tht
180.6687,-117.885,56.0,top,J3,,,PHOENIX_1935310,Screw_Terminal_01x02,tht
188.2539,-99.5726,79.0,top,J4,,,PHOENIX_1935310,Screw_Terminal_01x02,tht
188.2539,-79.7514,101.0,top,J5,,,PHOENIX_1935310,Screw_Terminal_01x02,tht
180.6687,-61.439,124.0,top,J6,,,PHOENIX_1935310,Screw_Terminal_01x02,tht
166.653,-47.4233,146.0,top,J7,,,PHOENIX_1935310,Screw_Terminal_01x02,tht
148.3406,-39.8381,169.0,top,J8,,,PHOENIX_1935310,Screw_Terminal_01x02,tht
128.5194,-39.8381,-169.0,top,J9,,,PHOENIX_1935310,Screw_Terminal_01x02,tht
154.432,-75.0885,180.0,bottom,R1,,,R_0603_1608Metric,10k,smt
125.984,-72.0405,0.0,bottom,R2,,,R_0603_1608Metric,10k,smt
140.716,-93.1225,90.0,top,R3,,,R_0603_1608Metric,33Ω,smt
137.922,-93.1225,90.0,top,R4,,,R_0603_1608Metric,33Ω,smt
135.382,-93.1225,90.0,top,R5,,,R_0603_1608Metric,33Ω,smt
132.842,-93.1225,90.0,top,R6,,,R_0603_1608Metric,33Ω,smt
152.908,-105.664,0.0,bottom,R7,,,R_0603_1608Metric,33Ω,smt
131.826,-122.936,180.0,bottom,R8,,,R_0603_1608Metric,Term_Imp,smt
138.684,-122.936,180.0,bottom,R9,,,R_0603_1608Metric,Term_Imp,smt
165.862,-69.5005,90.0,top,U1,,,DIP254P762X508-20,TPIC6595,tht
113.538,-77.1205,-90.0,top,U2,,,DIP254P762X508-20,TPIC6595,tht
