﻿Designator,Quantity,Value,Footprint,Package,MPN,DNP,Mount_Type,Description,MAXIMUM_PACKAGE_HEIGHT,CREATOR,STANDARD,PARTREV,MANUFACTURER
"C1, C2",2,0.1u,C_0603_1608Metric,,,,smt,Unpolarized capacitor,,,,,
"C3, C4",2,10uf,C_0603_1608Metric,,,,smt,Unpolarized capacitor,,,,,
"J1, J10, J11, J12, J13, J14, J15, J16, J2, J3, J4, J5, J6, J7, J8, J9",16,Screw_Terminal_01x02,PHOENIX_1935310,,,,tht,"Generic screw terminal, single row, 01x02, script generated (kicad-library-utils/schlib/autogen/connector/)",,,,,
J17,1,Conn_01x05_Socket,PinSocket_1x05_P2.54mm_Vertical,,,,tht,"Generic connector, single row, 01x05, script generated",,,,,
"J18, J19",2,TST-105-01-X-D,SAMTEC_TST-105-01-X-D,,,,tht,,9.27mm,ASHISH,Manufacturer Recommendations,1-23-96,Samtec
"R1, R2",2,10k,R_0603_1608Metric,,,,smt,Resistor,,,,,
"R3, R4, R5, R6, R7",5,33Ω,R_0603_1608Metric,,,,smt,Resistor,,,,,
"R8, R9",2,Term_Imp,R_0603_1608Metric,,,,smt,Resistor,,,,,
"TP1, TP2, TP3, TP4, TP5, TP6",6,TestPoint,TestPoint_Pad_2.0x2.0mm,,,,tht,test point,,,,,
"U1, U2",2,TPIC6595,DIP254P762X508-20,,,,tht,"Power Logic 8-bit Shift Register, DIP-8/SOIC-8",,,,,
