﻿pos_x,pos_y,rotation,side,designator,mpn,pack,footprint,value,mount_type
109.1692,-74.2188,-90.0,bottom,C2,,,C_0603_1608Metric,0.1u,smt
86.4994,-78.9493,180.0,top,C3,,,C_0603_1608Metric,10uf,smt
93.6244,-77.9272,90.0,bottom,C4,,,C_0603_1608Metric,10uf,smt
125.58827,-71.40245,0.0,top,CR1,,,DIODE_AFL-W2Y1.8D_MOT,1N4757A,tht
126.07976,-60.17565,0.0,top,CR2,,,DIODE_AFL-W2Y1.8D_MOT,1N4757A,tht
126.26645,-66.32245,0.0,top,D1,,,D_DO-41_SOD81_P10.16mm_Horizontal,1N4005,tht
126.52045,-54.94325,0.0,top,D2,,,D_DO-41_SOD81_P10.16mm_Horizontal,1N4005,tht
112.88975,-74.51165,0.0,top,J1,,,PHOENIX_1935310,Screw_Terminal_01x02,tht
77.1144,-45.6753,90.0,top,J17,,,PinSocket_1x05_P2.54mm_Vertical,Conn_01x05_Socket,tht
82.2706,-58.9341,0.0,top,J18,,,SAMTEC_TST-105-01-X-D,TST-105-01-X-D,tht
82.169,-73.1581,0.0,top,J19,,,SAMTEC_TST-105-01-X-D,TST-105-01-X-D,tht
122.92995,-50.25925,180.0,top,J2,,,PHOENIX_1935310,Screw_Terminal_01x02,tht
109.1692,-66.7512,-90.0,bottom,R1,,,R_0603_1608Metric,10k,smt
84.9884,-50.7553,90.0,top,R3,,,R_0603_1608Metric,R,smt
82.1944,-50.7553,90.0,top,R4,,,R_0603_1608Metric,R,smt
79.6544,-50.7553,90.0,top,R5,,,R_0603_1608Metric,R,smt
77.1144,-50.7553,90.0,top,R6,,,R_0603_1608Metric,R,smt
94.8436,-55.2704,0.0,bottom,R7,,,R_0603_1608Metric,R,smt
99.1616,-53.1368,180.0,top,U1,,,DIP254P762X508-20,TPIC6595,tht
