﻿Designator,Quantity,Value,Footprint,Package,MPN,DNP,Mount_Type,Description,Sim.Device,Sim.Pins,MAXIMUM_PACKAGE_HEIGHT,CREATOR,STANDARD,PARTREV,MANUFACTURER
C2,1,0.1u,C_0603_1608Metric,,,,smt,Unpolarized capacitor,,,,,,,
"C3, C4",2,10uf,C_0603_1608Metric,,,,smt,Unpolarized capacitor,,,,,,,
"CR1, CR2",2,1N4757A,DIODE_AFL-W2Y1.8D_MOT,,,,tht,,,,,,,,
"D1, D2",2,1N4005,D_DO-41_SOD81_P10.16mm_Horizontal,,,,tht,"600V 1A General Purpose Rectifier Diode, DO-41",D,1=K 2=A,,,,,
"J1, J2",2,Screw_Terminal_01x02,PHOENIX_1935310,,,,tht,"Generic screw terminal, single row, 01x02, script generated (kicad-library-utils/schlib/autogen/connector/)",,,,,,,
J17,1,Conn_01x05_Socket,PinSocket_1x05_P2.54mm_Vertical,,,,tht,"Generic connector, single row, 01x05, script generated",,,,,,,
"J18, J19",2,TST-105-01-X-D,SAMTEC_TST-105-01-X-D,,,,tht,,,,9.27mm,ASHISH,Manufacturer Recommendations,1-23-96,Samtec
R1,1,10k,R_0603_1608Metric,,,,smt,Resistor,,,,,,,
"R3, R4, R5, R6, R7",5,33Ω,R_0603_1608Metric,,,,smt,Resistor,,,,,,,
"TP1, TP2, TP3, TP4",4,TestPoint,TestPoint_Pad_2.0x2.0mm,,,,tht,test point,,,,,,,
U1,1,TPIC6595,DIP254P762X508-20,,,,tht,"Power Logic 8-bit Shift Register, DIP-8/SOIC-8",,,,,,,
