﻿Designator,Quantity,Value,Footprint,Package,MPN,DNP,Mount_Type,Description,PARTREV,STANDARD,MANUFACTURER,MAXIMUM_PACKAGE_HEIGHT,CREATOR
"C1, C2, C3, C4",4,0.1u,C_0603_1608Metric,,,,smt,Unpolarized capacitor,,,,,
"C5, C6",2,10u,C_0603_1608Metric,,,,smt,Unpolarized capacitor,,,,,
J1,1,TST-104-01-G-D,SAMTEC_TST-104-01-G-D,,,,tht,,R,Manufacturer Recommendations,Samtec,,
J2,1,TST-103-03-T-D,SAMTEC_TST-103-03-T-D,,,,tht,,R,Manufacturer Recommendations,Samtec,,
J3,1,TST-102-01-G-D,SAMTEC_TST-102-01-G-D,,,,tht,,R,Manufacturer Recommendations,Samtec,,
"J5, J7",2,PJ-002B,CUI_PJ-002B,,,,tht,,,Manufacturer recommendations,CUI INC,,
J6,1,TST-105-01-X-D,SAMTEC_TST-105-01-X-D,,,,tht,,1-23-96,Manufacturer Recommendations,Samtec,9.27mm,ASHISH
"R1, R2, R3, R4",4,33,R_Axial_DIN0207_L6.3mm_D2.5mm_P10.16mm_Horizontal,,,,tht,Resistor,,,,,
U1,1,Teensy4.1,Teensy41,,,,tht,,,,,,
"U2, U6",2,SN74LVC245AN,N20,,,,tht,,,,,,
"U3, U4",2,SN74AHCT125N,N14,,,,tht,,,,,,
