﻿pos_x,pos_y,rotation,side,designator,mpn,pack,footprint,value,mount_type
155.8262,-105.896,180.0,top,C1,,,C_0603_1608Metric,0.1u,smt
204.5942,-103.61,0.0,top,C2,,,C_0603_1608Metric,0.1u,smt
160.3982,-54.588,90.0,top,C3,,,C_0603_1608Metric,0.1u,smt
202.3082,-61.687,-90.0,top,C4,,,C_0603_1608Metric,0.1u,smt
208.6864,-111.7092,0.0,top,C5,,,C_0603_1608Metric,10u,smt
221.7928,-111.9124,0.0,top,C6,,,C_0603_1608Metric,10u,smt
131.318,-68.1482,0.0,top,J1,,,SAMTEC_TST-104-01-G-D,TST-104-01-G-D,tht
213.9922,-55.1942,-90.0,top,J2,,,SAMTEC_TST-103-03-T-D,TST-103-03-T-D,tht
128.778,-98.806,-90.0,top,J3,,,SAMTEC_TST-102-01-G-D,TST-102-01-G-D,tht
204.342,-114.602,-90.0,top,J5,,,CUI_PJ-002B,PJ-002B,tht
217.7796,-85.0392,0.0,top,J6,,,SAMTEC_TST-105-01-X-D,TST-105-01-X-D,tht
217.4094,-114.6343,-90.0,top,J7,,,CUI_PJ-002B,PJ-002B,tht
224.1522,-78.5622,90.0,top,R1,,,R_Axial_DIN0207_L6.3mm_D2.5mm_P10.16mm_Horizontal,33,tht
219.0722,-78.5622,90.0,top,R2,,,R_Axial_DIN0207_L6.3mm_D2.5mm_P10.16mm_Horizontal,33,tht
213.9922,-78.5622,90.0,top,R3,,,R_Axial_DIN0207_L6.3mm_D2.5mm_P10.16mm_Horizontal,33,tht
208.9122,-78.5622,90.0,top,R4,,,R_Axial_DIN0207_L6.3mm_D2.5mm_P10.16mm_Horizontal,33,tht
173.9872,-87.376,-90.0,top,U1,,,Teensy41,Teensy4.1,tht
157.988,-78.3336,0.0,top,U2,,,N20,SN74LVC245AN,tht
141.478,-103.886,-90.0,top,U3,,,N14,SN74AHCT125N,tht
188.468,-101.346,-90.0,top,U4,,,N14,SN74AHCT125N,tht
199.898,-86.106,0.0,top,U6,,,N20,SN74LVC245AN,tht
